<?xml version="1.0" encoding="UTF-8"?>
<configuration>
  <!-- always a good activate OnConsoleStatusListener -->
  <statusListener class="ch.qos.logback.core.status.OnConsoleStatusListener"/> 
  
  <property name="LOG_DIR" value="${catalina.base}/logs"/>
 
  <appender name="FILE" class="ch.qos.logback.core.rolling.RollingFileAppender">
    <file>${LOG_DIR}/access.log</file>
    <rollingPolicy class="ch.qos.logback.core.rolling.TimeBasedRollingPolicy">
      <fileNamePattern>access.%d{yyyy-MM-dd}.log.zip</fileNamePattern>
    </rollingPolicy>
 
    <encoder>
      <pattern>combined</pattern>
    </encoder>
  </appender>
  
  <appender-ref ref="FILE"/>
</configuration>